cluster_number,similarity_to_bench
16,0.4489795918367347
13,0.2857142857142857
5,0.14285714285714285
7,0.04081632653061224
2,0.04081632653061224
10,0.02040816326530612
6,0.02040816326530612
