cluster_number,similarity_to_bench
4,0.6303030303030303
3,0.16363636363636364
0,0.12727272727272726
5,0.07272727272727272
2,0.006060606060606061
