cluster_number,similarity_to_bench
6,0.3448275862068966
5,0.3103448275862069
1,0.2413793103448276
4,0.06896551724137931
3,0.034482758620689655
