cluster_number,similarity_to_bench
6,0.40625
5,0.15625
9,0.125
1,0.125
7,0.09375
10,0.03125
0,0.03125
8,0.03125
